{
    "rebar_eval": {
        "mIoU": 51.04582085486332,
        "fwIoU": 99.9721466056357,
        "IoU-background": 99.97767239825998,
        "IoU-rebar": 2.1139693114666653,
        "mACC": 54.26129139627386,
        "pACC": 99.97767250592139,
        "ACC-background": 99.98283576389484,
        "ACC-rebar": 8.539747028652878
    }
}