{
    "rebar_eval": {
        "mIoU": 51.80577967814335,
        "fwIoU": 99.98778256722689,
        "IoU-background": 99.99322429521489,
        "IoU-rebar": 3.618335061071799,
        "mACC": 52.25180811199039,
        "pACC": 99.99322431245031,
        "ACC-background": 99.99861628009688,
        "ACC-rebar": 4.504999943883907
    }
}