{
    "component_eval": {
        "mIoU": 91.53514606794191,
        "fwIoU": 92.63698021835502,
        "IoU-background": 99.88577439288136,
        "IoU-wall": 91.41714074095337,
        "IoU-beam": 89.63173825000604,
        "IoU-column": 84.25294003742877,
        "IoU-window frame": 82.14020610492864,
        "IoU-window pane": 97.30756217449358,
        "IoU-balcony": 96.83593786813832,
        "IoU-slab": 90.80986897470518,
        "mACC": 94.64583089788852,
        "pACC": 96.1270182386723,
        "ACC-background": 99.96416104877048,
        "ACC-wall": 98.81397519373127,
        "ACC-beam": 93.72675217279033,
        "ACC-column": 86.27467940588105,
        "ACC-window frame": 87.37544029016426,
        "ACC-window pane": 97.86237027236744,
        "ACC-balcony": 98.64273937977815,
        "ACC-slab": 94.50652941962512
    }
}