{
    "crack_eval": {
        "mIoU": 64.15613212802964,
        "fwIoU": 97.43298089587485,
        "IoU-background": 98.58905771959321,
        "IoU-crack": 29.72320653646607,
        "mACC": 67.50713074458504,
        "pACC": 98.59742758094431,
        "ACC-background": 99.67754102154659,
        "ACC-crack": 35.33672046762349
    }
}