{
    "spall_eval": {
        "mIoU": 89.42335240434349,
        "fwIoU": 97.69516261066138,
        "IoU-background": 98.72729485097558,
        "IoU-spall": 80.11940995771141,
        "mACC": 93.69171848358262,
        "pACC": 98.78938766851961,
        "ACC-background": 99.42545989273613,
        "ACC-spall": 87.9579770744291
    }
}