{
    "rebar_eval": {
        "mIoU": 64.86045399380593,
        "fwIoU": 99.83636235644141,
        "IoU-background": 99.90699567158381,
        "IoU-rebar": 29.813912316028052,
        "mACC": 69.57868277826074,
        "pACC": 99.90703240004353,
        "ACC-background": 99.96828004097321,
        "ACC-rebar": 39.189085515548285
    }
}