{
    "crack_eval": {
        "mIoU": 63.47516858070683,
        "fwIoU": 98.34216164158576,
        "IoU-background": 99.08506900816215,
        "IoU-crack": 27.865268153251517,
        "mACC": 66.76994632174923,
        "pACC": 99.08829128796175,
        "ACC-background": 99.77689487672075,
        "ACC-crack": 33.76299776677772
    }
}