{
    "bg_fg_eval": {
        "mIoU": 98.88458444239151,
        "fwIoU": 99.191372220567,
        "IoU-background": 98.29962092782564,
        "IoU-foreground": 99.4695479569574,
        "mACC": 99.28749215729049,
        "pACC": 99.59403865477118,
        "ACC-background": 98.70298870147946,
        "ACC-foreground": 99.87199561310153
    }
}