{
    "ds_eval": {
        "mIoU": 64.41887170066222,
        "fwIoU": 84.5455968874751,
        "IoU-background": 98.0395719356321,
        "IoU-none": 23.573425066079785,
        "IoU-light": 67.74878944785354,
        "IoU-moderate": 80.2315777764706,
        "IoU-severe": 52.50099427727506,
        "mACC": 73.84108503716413,
        "pACC": 90.991587883876,
        "ACC-background": 98.36372912907814,
        "ACC-none": 28.612706827025107,
        "ACC-light": 82.4318966107527,
        "ACC-moderate": 89.1830761619213,
        "ACC-severe": 70.61401645704348
    }
}