{
    "spall_eval": {
        "mIoU": 88.29514403363204,
        "fwIoU": 98.41093209522136,
        "IoU-background": 99.13923044435995,
        "IoU-spall": 77.45105762290414,
        "mACC": 92.57711475450434,
        "pACC": 99.16394887584968,
        "ACC-background": 99.6381759343268,
        "ACC-spall": 85.51605357468186
    }
}