{
    "component_eval": {
        "mIoU": 52.72943988191465,
        "fwIoU": 53.201708021027486,
        "IoU-background": 0.35062221423436185,
        "IoU-wall": 70.53334757816779,
        "IoU-beam": 57.31301690394912,
        "IoU-column": 69.69151897040106,
        "IoU-window frame": 59.347586959370915,
        "IoU-window pane": 76.31364172980474,
        "IoU-balcony": 87.46566617053857,
        "IoU-slab": 0.8201185288506635,
        "mACC": 70.27113377934103,
        "pACC": 72.1639085085414,
        "ACC-background": 0.3506396422584513,
        "ACC-wall": 98.69809296482273,
        "ACC-beam": 92.78690173933444,
        "ACC-column": 86.05811274484847,
        "ACC-window frame": 87.47621686843068,
        "ACC-window pane": 98.0630119572127,
        "ACC-balcony": 97.87734988312641,
        "ACC-slab": 0.8587444346943135
    }
}