{
    "crack_eval": {
        "mIoU": 63.82724851809372,
        "fwIoU": 98.34793910955186,
        "IoU-background": 99.08346784570989,
        "IoU-crack": 28.571029190477542,
        "mACC": 67.3894774432485,
        "pACC": 99.08681563153988,
        "ACC-background": 99.76218749397233,
        "ACC-crack": 35.01676739252466
    }
}