{
    "spall_eval": {
        "mIoU": 84.08736703841943,
        "fwIoU": 97.72731041237527,
        "IoU-background": 98.70933456917984,
        "IoU-spall": 69.46539950765903,
        "mACC": 92.0851188750015,
        "pACC": 98.7461504670187,
        "ACC-background": 99.225719461791,
        "ACC-spall": 84.94451828821201
    }
}